<application>
  <component name="VimSettings">
    <state version="4" enabled="true" />
    <globalmarks />
    <filemarks>
      <file name="/start_script.py" timestamp="1509460794987">
        <mark key="[" line="0" column="0" />
      </file>
      <file name="$USER_HOME$/github/fyp/practice/binaryclassfication.py" timestamp="1504628239837">
        <mark key="[" line="20" column="0" />
        <mark key="]" line="20" column="2" />
        <mark key="^" line="20" column="2" />
        <mark key="." line="20" column="2" />
      </file>
      <file name="$USER_HOME$/github/fyp/practice/OpenCV_tut.py" timestamp="1507983218026">
        <mark key="[" line="0" column="0" />
      </file>
      <file name="$USER_HOME$/github/fyp/practice/tensorflow_object_detect/object_detection_image.py" timestamp="1509118639331">
        <mark key="[" line="61" column="103" />
        <mark key="]" line="61" column="103" />
        <mark key="." line="61" column="103" />
        <mark key="^" line="61" column="103" />
      </file>
      <file name="/Python Console" timestamp="1509249922649">
        <mark key="[" line="0" column="0" />
      </file>
      <file name="$USER_HOME$/github/fyp/practice/prac_opencv/OpenCV_tut.py" timestamp="1507985212376">
        <mark key="[" line="9" column="30" />
        <mark key="]" line="10" column="27" />
        <mark key="^" line="10" column="27" />
        <mark key="." line="10" column="27" />
      </file>
      <file name="$USER_HOME$/github/fyp/object_detection_1/generate_tfrecord.py" timestamp="1509024859151">
        <mark key="[" line="77" column="23" />
        <mark key="]" line="77" column="24" />
        <mark key="." line="77" column="23" />
        <mark key="^" line="4" column="110" />
      </file>
      <file name="$USER_HOME$/github/schoolwork/ee4476-imp/assign1/filters.py" timestamp="1509373877340">
        <mark key="[" line="20" column="45" />
        <mark key="]" line="21" column="47" />
        <mark key="." line="21" column="47" />
        <mark key="^" line="21" column="47" />
      </file>
      <file name="/a.dummy" timestamp="1509027780057">
        <mark key="[" line="0" column="0" />
      </file>
      <file name="$USER_HOME$/github/fyp/practice/image_crawler/imageCrawler.py" timestamp="1508936882473">
        <mark key="[" line="7" column="14" />
        <mark key="]" line="7" column="26" />
        <mark key="." line="7" column="26" />
        <mark key="^" line="7" column="26" />
      </file>
      <file name="$USER_HOME$/github/fyp/practice/try_numpy.py" timestamp="1505450893276">
        <mark key="[" line="15" column="49" />
        <mark key="]" line="15" column="50" />
        <mark key="." line="15" column="50" />
        <mark key="^" line="16" column="12" />
      </file>
      <file name="$USER_HOME$/github/fyp/practice/image_crawler/imageFilter.py" timestamp="1508947599223">
        <mark key="[" line="0" column="0" />
        <mark key="]" line="33" column="11" />
        <mark key="^" line="33" column="11" />
        <mark key="." line="33" column="11" />
      </file>
      <file name="$USER_HOME$/github/fyp/object_detection_1/xml_to_csv.py" timestamp="1508987210568">
        <mark key="[" line="31" column="23" />
        <mark key="]" line="31" column="23" />
        <mark key="^" line="29" column="82" />
        <mark key="." line="31" column="23" />
      </file>
      <file name="$USER_HOME$/github/schoolwork/ee4476-imp/assign1/point_processing.py" timestamp="1509295516710">
        <mark key="p" line="20" column="19" />
        <mark key="[" line="100" column="24" />
        <mark key="]" line="101" column="16" />
        <mark key="." line="101" column="16" />
        <mark key="^" line="101" column="16" />
      </file>
      <file name="$USER_HOME$/github/schoolwork/ee4476-imp/assign1/matlab_func.py" timestamp="1509298889171">
        <mark key="[" line="18" column="0" />
        <mark key="]" line="18" column="0" />
        <mark key="." line="18" column="0" />
        <mark key="^" line="19" column="48" />
      </file>
      <file name="$USER_HOME$/github/fyp/practice/tensorflow_object_detect/test_images/object_detection_image.py" timestamp="1509029044018">
        <mark key="[" line="26" column="14" />
        <mark key="]" line="26" column="14" />
        <mark key="." line="26" column="14" />
        <mark key="^" line="26" column="14" />
      </file>
      <file name="$USER_HOME$/github/fyp/practice/housingPrice.py" timestamp="1505396417319">
        <mark key="[" line="18" column="50" />
        <mark key="]" line="18" column="49" />
        <mark key="." line="18" column="49" />
        <mark key="^" line="18" column="49" />
      </file>
      <file name="$USER_HOME$/github/fyp/practice/housePricePredict.py" timestamp="1505824029417">
        <mark key="[" line="49" column="21" />
        <mark key="]" line="50" column="25" />
        <mark key="." line="50" column="25" />
        <mark key="^" line="50" column="25" />
      </file>
      <file name="$USER_HOME$/github/fyp/object_detection_1/ModelGeneration.txt" timestamp="1509027457603">
        <mark key="[" line="2" column="27" />
        <mark key="]" line="2" column="27" />
        <mark key="^" line="0" column="32" />
        <mark key="." line="2" column="27" />
      </file>
      <file name="/code.py" timestamp="1509028451074">
        <mark key="[" line="0" column="0" />
      </file>
      <file name="$USER_HOME$/github/fyp/binaryclassfication.py" timestamp="1504626215503">
        <mark key="[" line="24" column="0" />
        <mark key="]" line="24" column="0" />
        <mark key="^" line="24" column="0" />
        <mark key="." line="24" column="0" />
      </file>
      <file name="$USER_HOME$/github/fyp/practice/multiclassification.py" timestamp="1505231465754">
        <mark key="[" line="26" column="0" />
        <mark key="]" line="25" column="27" />
        <mark key="^" line="25" column="27" />
        <mark key="." line="25" column="27" />
      </file>
      <file name="$USER_HOME$/Downloads/OpenCV/samples/python/video.py" timestamp="1507982300631">
        <mark key="[" line="37" column="0" />
      </file>
      <file name="$USER_HOME$/github/schoolwork/ee4476-imp/assign1/sobel_filter.m" timestamp="1509299044660">
        <mark key="[" line="1" column="0" />
        <mark key="]" line="1" column="0" />
        <mark key="^" line="0" column="29" />
        <mark key="." line="1" column="0" />
      </file>
      <file name="$USER_HOME$/github/schoolwork/ee4483-ai/code_python/cuberoot_2.py" timestamp="1505017330301">
        <mark key="[" line="8" column="19" />
        <mark key="]" line="8" column="19" />
        <mark key="." line="8" column="19" />
        <mark key="^" line="8" column="19" />
      </file>
      <file name="$USER_HOME$/github/schoolwork/ee4483-ai/code_python/testTicTacToe.py" timestamp="1506304771140">
        <mark key="[" line="4" column="11" />
        <mark key="]" line="4" column="12" />
        <mark key="^" line="4" column="11" />
        <mark key="." line="4" column="12" />
      </file>
      <file name="/" timestamp="1506313145225">
        <mark key="[" line="0" column="0" />
      </file>
      <file name="$USER_HOME$/github/fyp/practice/prac_opencv/video.py" timestamp="1507983247640">
        <mark key="[" line="42" column="5" />
      </file>
      <file name="$USER_HOME$/github/schoolwork/ee4476-imp/assign1/numpy_test.py" timestamp="1509293810336">
        <mark key="[" line="12" column="17" />
        <mark key="]" line="12" column="12" />
        <mark key="^" line="12" column="12" />
        <mark key="." line="12" column="12" />
      </file>
      <file name="$USER_HOME$/github/schoolwork/ee4476-imp/assign1/assignment_img.py" timestamp="1509374428282">
        <mark key="[" line="9" column="24" />
        <mark key="]" line="9" column="25" />
        <mark key="^" line="31" column="0" />
        <mark key="." line="9" column="25" />
      </file>
      <file name="$USER_HOME$/github/fyp/practice/tensorflow_object_detect/object_detection_webcam.py" timestamp="1509028982420">
        <mark key="[" line="21" column="0" />
        <mark key="]" line="21" column="62" />
      </file>
      <file name="$USER_HOME$/github/fyp/cnn_test_1/cnn_test.py" timestamp="1509461639964">
        <mark key="'" line="26" column="0" />
        <mark key="[" line="29" column="0" />
        <mark key="]" line="29" column="0" />
        <mark key="^" line="29" column="0" />
        <mark key="." line="29" column="0" />
      </file>
    </filemarks>
    <jumps>
      <jump line="42" column="64" filename="$USER_HOME$/github/fyp/practice/pyplot_ex.py" />
      <jump line="12" column="6" filename="$USER_HOME$/github/schoolwork/ee4483-ai/code_python/plotNumberAxis.py" />
      <jump line="6" column="11" filename="$USER_HOME$/github/schoolwork/ee4483-ai/code_python/plotNumberAxis.py" />
      <jump line="7" column="0" filename="$USER_HOME$/github/schoolwork/ee4483-ai/code_python/plotNumberAxis.py" />
      <jump line="24" column="14" filename="$USER_HOME$/github/schoolwork/ee4483-ai/code_python/plotNumberAxis.py" />
      <jump line="54" column="28" filename="$USER_HOME$/github/schoolwork/ee4483-ai/code_python/plotNumberAxis.py" />
      <jump line="23" column="0" filename="$USER_HOME$/github/schoolwork/ee4483-ai/code_python/tictactoe.py" />
      <jump line="127" column="30" filename="$USER_HOME$/github/schoolwork/ee4483-ai/code_python/tictactoe.py" />
      <jump line="10" column="0" filename="$USER_HOME$/github/fyp/practice/object_detection_tut.py" />
      <jump line="48" column="4" filename="$USER_HOME$/github/fyp/practice/object_detection_tut.py" />
      <jump line="80" column="23" filename="$USER_HOME$/github/fyp/practice/object_detection_tut.py" />
      <jump line="11" column="11" filename="$USER_HOME$/github/fyp/practice/image_crawler/imageFilter.py" />
      <jump line="49" column="0" filename="$USER_HOME$/github/fyp/practice/tensorflow_object_detect/test_images/object_detection_image.py" />
      <jump line="27" column="38" filename="$USER_HOME$/github/schoolwork/ee4476-imp/assign1/assignment_img.py" />
      <jump line="45" column="0" filename="$USER_HOME$/github/schoolwork/ee4476-imp/assign1/assignment_img.py" />
      <jump line="46" column="20" filename="$USER_HOME$/github/schoolwork/ee4476-imp/assign1/assignment_img.py" />
      <jump line="25" column="0" filename="$USER_HOME$/github/schoolwork/ee4476-imp/assign1/assignment_img.py" />
      <jump line="31" column="13" filename="$USER_HOME$/github/schoolwork/ee4476-imp/assign1/assignment_img.py" />
      <jump line="26" column="0" filename="$USER_HOME$/github/fyp/cnn_test_1/cnn_test.py" />
      <jump line="28" column="30" filename="$USER_HOME$/github/fyp/cnn_test_1/cnn_test.py" />
    </jumps>
    <registers>
      <register name="&quot;" type="4">
        <text />
      </register>
      <register name="-" type="4">
        <text />
      </register>
      <register name="/" type="4">
        <text>cats</text>
      </register>
      <register name="0" type="4">
        <text>fal</text>
      </register>
      <register name="1" type="2">
        <text encoding="base64">Cg==</text>
      </register>
      <register name="2" type="2">
        <text encoding="base64">Cg==</text>
      </register>
      <register name="3" type="2">
        <text encoding="base64">Cg==</text>
      </register>
      <register name="4" type="2">
        <text encoding="base64">Cg==</text>
      </register>
      <register name="5" type="2">
        <text encoding="base64">Cg==</text>
      </register>
      <register name="6" type="2">
        <text encoding="base64">Cg==</text>
      </register>
      <register name="7" type="2">
        <text encoding="base64">cGx0Lmhpc3QoaW1fZmlsdGVyZWQpCg==</text>
      </register>
      <register name="8" type="2">
        <text encoding="base64">IyBpbV9ucCA9IHBwLmxvYWRfaW1hZ2VfaW50b19udW1weV9hcnJheShpbSkK</text>
      </register>
      <register name="9" type="2">
        <text encoding="base64">aW1fbnBfZ3JheSA9IHBwLmxvYWRfaW1hZ2VfaW50b19udW1weV9hcnJheShpbV9ncmF5KQo=</text>
      </register>
      <register name=":" type="4">
        <text encoding="base64">JzwsJz5zL2NhdHMvZG9ncy9n</text>
      </register>
    </registers>
    <search>
      <last-search>cats</last-search>
      <last-offset />
      <last-pattern>cats</last-pattern>
      <last-replace>dogs</last-replace>
      <last-substitute>cats</last-substitute>
      <last-dir>1</last-dir>
      <show-last>false</show-last>
    </search>
    <history>
      <history-search>
        <entry encoding="base64">XDwxMlw+</entry>
        <entry>load_image_into</entry>
        <entry>cats</entry>
      </history-search>
      <history-cmd>
        <entry>vsplit</entry>
        <entry encoding="base64">JzwsJz5zL2NhdHMvZG9ncy8=</entry>
        <entry encoding="base64">JzwsJz4lcy9jYXRzL2RvZ3Mv</entry>
        <entry encoding="base64">JzwsJz5zL2NhdHMvZG9ncy9n</entry>
      </history-cmd>
      <history-expr />
      <history-input />
    </history>
    <shortcut-conflicts>
      <shortcut-conflict owner="ide">
        <text>ctrl pressed P</text>
      </shortcut-conflict>
      <shortcut-conflict owner="ide">
        <text>ctrl pressed N</text>
      </shortcut-conflict>
      <shortcut-conflict owner="ide">
        <text>ctrl pressed OPEN_BRACKET</text>
      </shortcut-conflict>
      <shortcut-conflict owner="ide">
        <text>ctrl pressed F</text>
      </shortcut-conflict>
      <shortcut-conflict owner="ide">
        <text>ctrl pressed B</text>
      </shortcut-conflict>
      <shortcut-conflict owner="ide">
        <text>ctrl pressed D</text>
      </shortcut-conflict>
      <shortcut-conflict owner="vim">
        <text>ctrl pressed V</text>
      </shortcut-conflict>
      <shortcut-conflict owner="vim">
        <text>ctrl pressed R</text>
      </shortcut-conflict>
      <shortcut-conflict owner="ide">
        <text>ctrl pressed H</text>
      </shortcut-conflict>
      <shortcut-conflict owner="ide">
        <text>ctrl pressed M</text>
      </shortcut-conflict>
      <shortcut-conflict owner="ide">
        <text>ctrl pressed E</text>
      </shortcut-conflict>
      <shortcut-conflict owner="ide">
        <text>ctrl pressed A</text>
      </shortcut-conflict>
      <shortcut-conflict owner="ide">
        <text>ctrl pressed W</text>
      </shortcut-conflict>
      <shortcut-conflict owner="vim">
        <text>ctrl pressed S</text>
      </shortcut-conflict>
      <shortcut-conflict owner="vim">
        <text>ctrl pressed I</text>
      </shortcut-conflict>
      <shortcut-conflict owner="vim">
        <text>ctrl pressed G</text>
      </shortcut-conflict>
      <shortcut-conflict owner="vim">
        <text>ctrl pressed CLOSE_BRACKET</text>
      </shortcut-conflict>
      <shortcut-conflict owner="vim">
        <text>ctrl pressed O</text>
      </shortcut-conflict>
      <shortcut-conflict owner="vim">
        <text>ctrl pressed U</text>
      </shortcut-conflict>
      <shortcut-conflict owner="ide">
        <text>ctrl pressed X</text>
      </shortcut-conflict>
      <shortcut-conflict owner="ide">
        <text>shift ctrl pressed 2</text>
      </shortcut-conflict>
      <shortcut-conflict owner="ide">
        <text>ctrl pressed Y</text>
      </shortcut-conflict>
      <shortcut-conflict owner="ide">
        <text>ctrl pressed Q</text>
      </shortcut-conflict>
      <shortcut-conflict owner="ide">
        <text>ctrl pressed 2</text>
      </shortcut-conflict>
      <shortcut-conflict owner="ide">
        <text>shift ctrl pressed 6</text>
      </shortcut-conflict>
      <shortcut-conflict owner="vim">
        <text>ctrl pressed T</text>
      </shortcut-conflict>
    </shortcut-conflicts>
  </component>
</application>